method,correct_pred,morf_auc,lerf_auc
DynamicLRP,0,0.48451925055185957,0.3998285652796427
DynamicLRP,1,0.5778021860494242,0.6323667001104974
