method,morf_auc,lerf_auc
GradSHAP,0.48574218750000003,0.50439453125
IG,0.49150390625000007,0.49814453125
