method,sample_id,morf_auc,lerf_auc
IG,0,0.48271484375,0.50498046875
GradSHAP,0,0.48173828125,0.50595703125
IG,1,0.5002929687500001,0.49130859374999997
GradSHAP,1,0.48974609375000006,0.50283203125
